Date,Day,Time of Day,Mood
27-06-2025,Friday,Morning,Happy + Calm
27-06-2025,Friday,Afternoon,Sad + Energetic
27-06-2025,Friday,Evening,Happy + Calm
27-06-2025,Friday,Night,Happy + Energetic
28-06-2025,Saturday,Morning,Sad + Calm
28-06-2025,Saturday,Afternoon,Happy + Energetic
28-06-2025,Saturday,Evening,Happy + Calm
28-06-2025,Saturday,Night,Sad + Calm
29-06-2025,Sunday,Morning,Sad + Energetic
29-06-2025,Sunday,Afternoon,Happy + Calm
29-06-2025,Sunday,Evening,Happy + Calm
29-06-2025,Sunday,Night,Sad + Calm
30-06-2025,Monday,Morning,Sad + Calm
30-06-2025,Monday,Afternoon,Sad + Calm
30-06-2025,Monday,Evening,Sad + Calm
30-06-2025,Monday,Night,Happy + Energetic
01-07-2025,Tuesday,Morning,Happy + Calm
01-07-2025,Tuesday,Afternoon,Happy + Calm
01-07-2025,Tuesday,Evening,Happy + Energetic
01-07-2025,Tuesday,Night,Happy + Energetic
02-07-2025,Wednesday,Morning,Happy + Calm
02-07-2025,Wednesday,Afternoon,Sad + Energetic
02-07-2025,Wednesday,Evening,Happy + Calm
02-07-2025,Wednesday,Night,Sad + Energetic
03-07-2025,Thursday,Morning,Sad + Calm
03-07-2025,Thursday,Afternoon,Happy + Energetic
03-07-2025,Thursday,Evening,Happy + Energetic
03-07-2025,Thursday,Night,Sad + Calm
04-07-2025,Friday,Morning,Sad + Calm
04-07-2025,Friday,Afternoon,Sad + Energetic
04-07-2025,Friday,Evening,Sad + Calm
04-07-2025,Friday,Night,Happy + Calm
05-07-2025,Saturday,Morning,Sad + Energetic
05-07-2025,Saturday,Afternoon,Happy + Energetic
05-07-2025,Saturday,Evening,Sad + Calm
05-07-2025,Saturday,Night,Sad + Calm
06-07-2025,Sunday,Morning,Sad + Energetic
06-07-2025,Sunday,Afternoon,Happy + Calm
06-07-2025,Sunday,Evening,Happy + Calm
06-07-2025,Sunday,Night,Sad + Calm
07-07-2025,Monday,Morning,Sad + Calm
07-07-2025,Monday,Afternoon,Sad + Calm
07-07-2025,Monday,Evening,Sad + Calm
07-07-2025,Monday,Night,Happy + Energetic
08-07-2025,Tuesday,Morning,Happy + Calm
08-07-2025,Tuesday,Afternoon,Happy + Calm
08-07-2025,Tuesday,Evening,Happy + Energetic
08-07-2025,Tuesday,Night,Happy + Energetic
09-07-2025,Wednesday,Morning,Happy + Calm
09-07-2025,Wednesday,Afternoon,Sad + Energetic
09-07-2025,Wednesday,Evening,Happy + Calm
09-07-2025,Wednesday,Night,Sad + Energetic
10-07-2025,Thursday,Morning,Sad + Calm
10-07-2025,Thursday,Afternoon,Happy + Energetic
10-07-2025,Thursday,Evening,Happy + Energetic
10-07-2025,Thursday,Night,Sad + Calm
11-07-2025,Friday,Morning,Sad + Calm
11-07-2025,Friday,Afternoon,Happy + Energetic
11-07-2025,Friday,Evening,Happy + Calm
11-07-2025,Friday,Night,Happy + Energetic
12-07-2025,Saturday,Morning,Happy + Calm
12-07-2025,Saturday,Afternoon,Happy + Calm
12-07-2025,Saturday,Evening,Happy + Energetic
12-07-2025,Saturday,Night,Sad + Calm
13-07-2025,Sunday,Morning,Sad + Energetic
13-07-2025,Sunday,Afternoon,Happy + Energetic
13-07-2025,Sunday,Evening,Happy + Calm
13-07-2025,Sunday,Night,Sad + Calm
14-07-2025,Monday,Morning,Sad + Calm
14-07-2025,Monday,Afternoon,Sad + Energetic
14-07-2025,Monday,Evening,Sad + Calm
14-07-2025,Monday,Night,Happy + Energetic
15-07-2025,Tuesday,Morning,Happy + Calm
15-07-2025,Tuesday,Afternoon,Happy + Calm
15-07-2025,Tuesday,Evening,Happy + Energetic
15-07-2025,Tuesday,Night,Happy + Energetic
16-07-2025,Wednesday,Morning,Happy + Calm
16-07-2025,Wednesday,Afternoon,Sad + Energetic
16-07-2025,Wednesday,Evening,Happy + Calm
16-07-2025,Wednesday,Night,Sad + Energetic
17-07-2025,Thursday,Morning,Happy + Calm
17-07-2025,Thursday,Afternoon,Happy + Energetic
17-07-2025,Thursday,Evening,Sad + Calm
17-07-2025,Thursday,Night,Happy + Calm
18-07-2025,Friday,Morning,Happy + Energetic
18-07-2025,Friday,Afternoon,Happy + Energetic
18-07-2025,Friday,Evening,Happy + Energetic
18-07-2025,Friday,Night,Sad + Energetic